Item_Division,Channel_MPU,Total_Actuals,Grouping_Level,Channel_MPU_Level_3
APPAREL DIVISION,EMEA Nike Value Stores MPU,107111792.74762215,Division_MPU,
APPAREL DIVISION,EMEA JD Group MPU,84828323.36949839,Division_MPU,
APPAREL DIVISION,EMEA Key Sport Partners MPU,67720839.53740145,Division_MPU,
FOOTWEAR DIVISION,EMEA Nike Value Stores MPU,65122530.42795169,Division_MPU,
FOOTWEAR DIVISION,EMEA NDDC MPU,63839733.32802287,Division_MPU,
FOOTWEAR DIVISION,EMEA JD Group MPU,60996571.24244635,Division_MPU,
APPAREL DIVISION,EMEA Performance Authenticators MPU,60435184.49107894,Division_MPU,
FOOTWEAR DIVISION,EMEA CEMEA MPU,54604133.734027036,Division_MPU,
APPAREL DIVISION,EMEA CEMEA MPU,53439688.5651319,Division_MPU,
FOOTWEAR DIVISION,EMEA Key Sport Partners MPU,51479411.75375546,Division_MPU,
EQUIPMENT DIVISION,EMEA Key Sport Partners MPU,39955938.86277716,Division_MPU,
APPAREL DIVISION,EMEA NDDC MPU,39931750.22348064,Division_MPU,
FOOTWEAR DIVISION,EMEA Zalando Group MPU,30674913.85160362,Division_MPU,
EQUIPMENT DIVISION,EMEA JD Group MPU,29098553.169176895,Division_MPU,
APPAREL DIVISION,EMEA Sports Direct Group MPU,28725438.774157707,Division_MPU,
FOOTWEAR DIVISION,EMEA Authenticators & Key Lifestyle Partners MPU,27458713.973440807,Division_MPU,
FOOTWEAR DIVISION,EMEA Snipes and D Group MPU,27451342.300855823,Division_MPU,
EQUIPMENT DIVISION,EMEA Nike Value Stores MPU,25496554.17696327,Division_MPU,
APPAREL DIVISION,EMEA Zalando Group MPU,25032614.06141305,Division_MPU,
FOOTWEAR DIVISION,EMEA Foot Locker Group MPU,23885151.494813807,Division_MPU,
APPAREL DIVISION,EMEA Authenticators & Key Lifestyle Partners MPU,23654686.237256985,Division_MPU,
FOOTWEAR DIVISION,EMEA Sports Direct Group MPU,22427886.239229314,Division_MPU,
APPAREL DIVISION,EMEA Nike Stores Partner MPU,19858389.64017728,Division_MPU,
EQUIPMENT DIVISION,EMEA CEMEA MPU,18969984.090390794,Division_MPU,
EQUIPMENT DIVISION,EMEA Performance Authenticators MPU,18551614.244821943,Division_MPU,
EQUIPMENT DIVISION,EMEA Snipes and D Group MPU,16514036.513106067,Division_MPU,
EQUIPMENT DIVISION,EMEA Sports Direct Group MPU,14898628.62466175,Division_MPU,
FOOTWEAR DIVISION,EMEA Performance Authenticators MPU,13675169.740287036,Division_MPU,
FOOTWEAR DIVISION,EMEA Nike Stores Partner MPU,11369841.877490466,Division_MPU,
EQUIPMENT DIVISION,EMEA NDDC MPU,11139093.069902802,Division_MPU,
APPAREL DIVISION,EMEA Foot Locker Group MPU,10252909.065705167,Division_MPU,
EQUIPMENT DIVISION,EMEA Zalando Group MPU,9831582.382061625,Division_MPU,
EQUIPMENT DIVISION,EMEA Authenticators & Key Lifestyle Partners MPU,9588935.73569807,Division_MPU,
APPAREL DIVISION,EMEA Snipes and D Group MPU,8311181.48875714,Division_MPU,
EQUIPMENT DIVISION,EMEA Nike Stores Partner MPU,7751771.078688403,Division_MPU,
NOT_SUPPLD,EMEA Key Sport Partners MPU,4834267.014053374,Division_MPU,
EQUIPMENT DIVISION,EMEA Foot Locker Group MPU,4800035.678480651,Division_MPU,
APPAREL DIVISION,EMEA Nike Stores Owned MPU,4460027.0274999505,Division_MPU,
APPAREL DIVISION,3PW_Value,3937241.5910234624,Division_MPU,
NOT_SUPPLD,EMEA JD Group MPU,2769707.62396053,Division_MPU,
FOOTWEAR DIVISION,EMEA Nike Stores Owned MPU,2276211.0142175,Division_MPU,
FOOTWEAR DIVISION,3PW_Value,2207958.620078319,Division_MPU,
EQUIPMENT DIVISION,EMEA Nike Stores Owned MPU,1356861.0088185202,Division_MPU,
NOT_SUPPLD,EMEA Authenticators & Key Lifestyle Partners MPU,869758.0746629401,Division_MPU,
NOT_SUPPLD,EMEA Performance Authenticators MPU,755991.1544645502,Division_MPU,
NOT_SUPPLD,EMEA Sports Direct Group MPU,681431.3246199999,Division_MPU,
NOT_SUPPLD,EMEA CEMEA MPU,510748.6433177302,Division_MPU,
NOT_SUPPLD,EMEA Zalando Group MPU,223520.00152559995,Division_MPU,
EQUIPMENT DIVISION,3PW_Value,146442.050837885,Division_MPU,
APPAREL DIVISION,EMEA Historical Accounts,87780.48045643,Division_MPU,
FOOTWEAR DIVISION,EMEA Historical Accounts,76979.47040737429,Division_MPU,
EQUIPMENT DIVISION,EMEA Historical Accounts,20605.150130333,Division_MPU,
NOT_SUPPLD,EMEA Foot Locker Group MPU,14398.220119060003,Division_MPU,
NOT_SUPPLD,EMEA Snipes and D Group MPU,13633.060052500003,Division_MPU,
NOT_SUPPLD,EMEA Nike Stores Partner MPU,3353.000023,Division_MPU,
APPAREL DIVISION,,107111792.74762215,Division_Level3,EMEA Nike Value Stores MPU
APPAREL DIVISION,,67721085.38910942,Division_Level3,JD
FOOTWEAR DIVISION,,65122530.42795169,Division_Level3,EMEA Nike Value Stores MPU
FOOTWEAR DIVISION,,63839733.32802287,Division_Level3,EMEA NDDC MPU
APPAREL DIVISION,,39931750.22348064,Division_Level3,EMEA NDDC MPU
FOOTWEAR DIVISION,,39855379.233143486,Division_Level3,JD
FOOTWEAR DIVISION,,28755921.159723233,Division_Level3,ZALANDO
APPAREL DIVISION,,28117626.861052867,Division_Level3,SPORTSDIRECT
EQUIPMENT DIVISION,,25496554.17696327,Division_Level3,EMEA Nike Value Stores MPU
APPAREL DIVISION,,23018483.12139951,Division_Level3,ZALANDO
FOOTWEAR DIVISION,,22226276.198362,Division_Level3,SPORTSDIRECT
FOOTWEAR DIVISION,,21706041.12398866,Division_Level3,FOOTLOCKER WE
EQUIPMENT DIVISION,,19022520.1081389,Division_Level3,JD
APPAREL DIVISION,,17238390.041784182,Division_Level3,FOOTBALL TEAM
APPAREL DIVISION,,16363530.515324328,Division_Level3,IS GROUP FRANCE
FOOTWEAR DIVISION,,14885686.336198883,Division_Level3,DEICHMANN FFTW
EQUIPMENT DIVISION,,14786717.264028696,Division_Level3,SPORTSDIRECT
FOOTWEAR DIVISION,,13885588.675939955,Division_Level3,SPORT TIME
APPAREL DIVISION,,13154692.613638459,Division_Level3,GMG
APPAREL DIVISION,,12777962.819510607,Division_Level3,SPORT TIME
FOOTWEAR DIVISION,,11337895.23769535,Division_Level3,SNIPES
EQUIPMENT DIVISION,,11139093.069902802,Division_Level3,EMEA NDDC MPU
EQUIPMENT DIVISION,,11013281.212000005,Division_Level3,DEICHMANN FFTW
APPAREL DIVISION,,9806103.46862832,Division_Level3,FOOTBALL TIER 2 TEAM
EQUIPMENT DIVISION,,9734803.05139503,Division_Level3,ZALANDO
FOOTWEAR DIVISION,,9459040.189236933,Division_Level3,GMG
FOOTWEAR DIVISION,,8989572.063685492,Division_Level3,IS GROUP FRANCE
APPAREL DIVISION,,8678497.045006229,Division_Level3,FOOTLOCKER WE
APPAREL DIVISION,,8558397.79824099,Division_Level3,FOOTBALL C&F
FOOTWEAR DIVISION,,8535593.063769666,Division_Level3,EMEA_NBHD
FOOTWEAR DIVISION,,8283436.047209492,Division_Level3,COURIR
EQUIPMENT DIVISION,,7998102.956962829,Division_Level3,IS GROUP FRANCE
APPAREL DIVISION,,7218220.404041843,Division_Level3,FOOTBALL 11 TEAMSPORT TEAM
APPAREL DIVISION,,7007936.390085811,Division_Level3,JD SPRINTER
EQUIPMENT DIVISION,,6991876.245397761,Division_Level3,FOOTBALL TEAM
APPAREL DIVISION,,6207162.689033573,Division_Level3,IS GROUP GERMANY
FOOTWEAR DIVISION,,6152194.557565849,Division_Level3,JD SPRINTER
APPAREL DIVISION,,5929702.022696001,Division_Level3,SNIPES
APPAREL DIVISION,,5782777.035098901,Division_Level3,ASOS
FOOTWEAR DIVISION,,5591408.406149657,Division_Level3,IBERIA GP
EQUIPMENT DIVISION,,5416228.057367862,Division_Level3,SPORT TIME
APPAREL DIVISION,,5294724.793119475,Division_Level3,FOOTBALL TIER 2 INLINE
APPAREL DIVISION,,5130491.915839901,Division_Level3,ABOUT YOU
FOOTWEAR DIVISION,,4835136.461604534,Division_Level3,ITALY GP
APPAREL DIVISION,,4773653.39339382,Division_Level3,ITALY GP
APPAREL DIVISION,,4631974.349519835,Division_Level3,SELECUBE
EQUIPMENT DIVISION,,4589034.085996302,Division_Level3,IS GROUP GERMANY
FOOTWEAR DIVISION,,4508374.420326228,Division_Level3,BDI
APPAREL DIVISION,,4460027.0274999505,Division_Level3,EMEA Nike Stores Owned MPU
APPAREL DIVISION,,4436499.02605928,Division_Level3,COURIR
EQUIPMENT DIVISION,,4360602.52587893,Division_Level3,JD SPRINTER
APPAREL DIVISION,,4319411.316195117,Division_Level3,BDI
APPAREL DIVISION,,4218297.84549031,Division_Level3,SPORT 2000 FRANCE
APPAREL DIVISION,,4162499.874538469,Division_Level3,IBERIA GP
EQUIPMENT DIVISION,,4116447.0231117005,Division_Level3,SNIPES
APPAREL DIVISION,,4082730.118495449,Division_Level3,SPORT 2000 CE
EQUIPMENT DIVISION,,4010982.0238405606,Division_Level3,FOOTLOCKER WE
APPAREL DIVISION,,3937241.5910234624,Division_Level3,3PW_Value
EQUIPMENT DIVISION,,3711448.4391082996,Division_Level3,GMG
FOOTWEAR DIVISION,,3654411.1997634144,Division_Level3,IS GROUP GERMANY
NOT_SUPPLD,,3624117.11617,Division_Level3,IS GROUP FRANCE
FOOTWEAR DIVISION,,3550409.9020958273,Division_Level3,SELECUBE
FOOTWEAR DIVISION,,3540425.6071527,Division_Level3,AW LAB
APPAREL DIVISION,,3484253.4882485806,Division_Level3,JALAJALG
EQUIPMENT DIVISION,,3310969.6593437046,Division_Level3,FOOTBALL TIER 2 TEAM
APPAREL DIVISION,,3294350.9198483606,Division_Level3,NEXT
EQUIPMENT DIVISION,,3258607.027200646,Division_Level3,ITALY GP
FOOTWEAR DIVISION,,3169925.6456765602,Division_Level3,ANWR
FOOTWEAR DIVISION,,3152514.5413156645,Division_Level3,SPORT 2000 CE
APPAREL DIVISION,,3101654.974168651,Division_Level3,TURKEY ROB
APPAREL DIVISION,,3100223.157795115,Division_Level3,GB GP
FOOTWEAR DIVISION,,3022113.020748411,Division_Level3,ASOS
FOOTWEAR DIVISION,,2852601.536689862,Division_Level3,FLO
FOOTWEAR DIVISION,,2818768.74568639,Division_Level3,ABOUT YOU
APPAREL DIVISION,,2813728.01783508,Division_Level3,NE NSP FOX
EQUIPMENT DIVISION,,2810826.01686127,Division_Level3,COURIR
FOOTWEAR DIVISION,,2784145.62766394,Division_Level3,MIG
APPAREL DIVISION,,2775692.0169697604,Division_Level3,ITALY NSP PERCASSI
APPAREL DIVISION,,2716759.93694102,Division_Level3,STADIUM GROUP
APPAREL DIVISION,,2708290.01657964,Division_Level3,FOX
EQUIPMENT DIVISION,,2696085.6726450464,Division_Level3,SPORT 2000 CE
FOOTWEAR DIVISION,,2689687.8143301024,Division_Level3,JALAJALG
EQUIPMENT DIVISION,,2655774.963454216,Division_Level3,IBERIA GP
APPAREL DIVISION,,2644661.75717975,Division_Level3,IS GROUP ITALY
APPAREL DIVISION,,2620486.67924872,Division_Level3,ECI
FOOTWEAR DIVISION,,2589255.6535949907,Division_Level3,BASKETBALL
APPAREL DIVISION,,2566733.2253824943,Division_Level3,NORDICS GP
APPAREL DIVISION,,2565910.4337321995,Division_Level3,FOOT ASYLUM
FOOTWEAR DIVISION,,2335620.6757650105,Division_Level3,IS GROUP ITALY
NOT_SUPPLD,,2315685.0115,Division_Level3,JD
FOOTWEAR DIVISION,,2304867.7115954706,Division_Level3,SA ROB LIFE
FOOTWEAR DIVISION,,2299728.243498378,Division_Level3,TURKEY ROB
FOOTWEAR DIVISION,,2276211.0142175,Division_Level3,EMEA Nike Stores Owned MPU
EQUIPMENT DIVISION,,2251909.9205039702,Division_Level3,FOOTBALL 11 TEAMSPORT TEAM
APPAREL DIVISION,,2231093.410780956,Division_Level3,FOOTBALL FUTBOL EMOTION TEAM
FOOTWEAR DIVISION,,2207958.620078319,Division_Level3,3PW_Value
EQUIPMENT DIVISION,,2207224.01288049,Division_Level3,ASOS
APPAREL DIVISION,,2191700.1523472886,Division_Level3,FOOTBALL UNISPORT INLINE
APPAREL DIVISION,,2133327.0136194704,Division_Level3,BARCIN SPOR
FOOTWEAR DIVISION,,2062461.6721139401,Division_Level3,SCHUH
APPAREL DIVISION,,2040049.76052822,Division_Level3,AW LAB
FOOTWEAR DIVISION,,2039588.5045544798,Division_Level3,SPORT 2000 FRANCE
FOOTWEAR DIVISION,,2032057.92435923,Division_Level3,TOTALSPORTS
APPAREL DIVISION,,2014130.9400135383,Division_Level3,ZALANDO LOUNGE
FOOTWEAR DIVISION,,2007348.052407138,Division_Level3,CEE GP
EQUIPMENT DIVISION,,1947005.7801533036,Division_Level3,JALAJALG
FOOTWEAR DIVISION,,1946269.0820344053,Division_Level3,ECI
EQUIPMENT DIVISION,,1945970.82872863,Division_Level3,STADIUM GROUP
APPAREL DIVISION,,1933855.753040566,Division_Level3,COSMOS
EQUIPMENT DIVISION,,1924790.656017207,Division_Level3,CEE GP
FOOTWEAR DIVISION,,1918992.6918803838,Division_Level3,ZALANDO LOUNGE
FOOTWEAR DIVISION,,1908506.7121627103,Division_Level3,NEXT
FOOTWEAR DIVISION,,1871908.474969,Division_Level3,SPORTSCENE
APPAREL DIVISION,,1827588.9595774645,Division_Level3,BASKETBALL
FOOTWEAR DIVISION,,1800207.68930615,Division_Level3,FOOTLOCKER ISR
EQUIPMENT DIVISION,,1794547.8972966236,Division_Level3,NEXT
FOOTWEAR DIVISION,,1782639.199268414,Division_Level3,FOOT ASYLUM
APPAREL DIVISION,,1775603.3091547117,Division_Level3,TENNIS
FOOTWEAR DIVISION,,1769394.8222335002,Division_Level3,STADIUM GROUP
APPAREL DIVISION,,1744269.1277785706,Division_Level3,ELIZINN
APPAREL DIVISION,,1732087.6118473301,Division_Level3,TOTALSPORTS
FOOTWEAR DIVISION,,1656715.6000656174,Division_Level3,SKATE
FOOTWEAR DIVISION,,1627943.6891836196,Division_Level3,GB GP
FOOTWEAR DIVISION,,1615267.01036322,Division_Level3,ITALY NSP PERCASSI
FOOTWEAR DIVISION,,1613423.968956451,Division_Level3,NORDICS GP
APPAREL DIVISION,,1608236.9188555887,Division_Level3,IS GROUP GREECE
FOOTWEAR DIVISION,,1586723.01912354,Division_Level3,FOOTBALL UK PRO-DIRECT INLINE
EQUIPMENT DIVISION,,1570347.9091995002,Division_Level3,SPORT 2000 FRANCE
APPAREL DIVISION,,1569464.6164775332,Division_Level3,CEE GP
APPAREL DIVISION,,1568071.2618181503,Division_Level3,SPORTSCENE
APPAREL DIVISION,,1567999.8106729104,Division_Level3,FOOTLOCKER ISR
FOOTWEAR DIVISION,,1543382.95030609,Division_Level3,SNEAKS UP
FOOTWEAR DIVISION,,1522176.00911462,Division_Level3,BARCIN SPOR
EQUIPMENT DIVISION,,1505826.8593060505,Division_Level3,ANWR
APPAREL DIVISION,,1500648.5587714654,Division_Level3,EMEA_NBHD
FOOTWEAR DIVISION,,1467541.5778346153,Division_Level3,ELIZINN
APPAREL DIVISION,,1453596.047328433,Division_Level3,GREECE GP
FOOTWEAR DIVISION,,1430626.76829134,Division_Level3,ST88
EQUIPMENT DIVISION,,1402904.0079130898,Division_Level3,FOX
APPAREL DIVISION,,1399536.1207699953,Division_Level3,OCHSNER SPORT
EQUIPMENT DIVISION,,1375432.0980386157,Division_Level3,NORDICS GP
APPAREL DIVISION,,1375370.4872805204,Division_Level3,MIG
FOOTWEAR DIVISION,,1364592.7273852488,Division_Level3,FOOTBALL TIER 2 TEAM
EQUIPMENT DIVISION,,1356861.0088185202,Division_Level3,EMEA Nike Stores Owned MPU
FOOTWEAR DIVISION,,1355472.1178705199,Division_Level3,FOOTBALL UNISPORT INLINE
APPAREL DIVISION,,1352854.1877659261,Division_Level3,FOOTBALL UNISPORT TEAM
FOOTWEAR DIVISION,,1348216.0176998866,Division_Level3,GREECE GP
EQUIPMENT DIVISION,,1335497.6756000225,Division_Level3,SELECUBE
FOOTWEAR DIVISION,,1320204.667243436,Division_Level3,IS GROUP GREECE
FOOTWEAR DIVISION,,1317441.8491952908,Division_Level3,COSMOS
FOOTWEAR DIVISION,,1302075.0083464896,Division_Level3,SIZE GROUP
APPAREL DIVISION,,1301620.227494181,Division_Level3,SA PERF AUTH
FOOTWEAR DIVISION,,1296290.0078580498,Division_Level3,NE NSP FOX
EQUIPMENT DIVISION,,1294734.0580962661,Division_Level3,ECI
FOOTWEAR DIVISION,,1287854.0076916302,Division_Level3,FOX
APPAREL DIVISION,,1275408.1969245237,Division_Level3,IS GROUP AUSTRIA
EQUIPMENT DIVISION,,1255927.14744865,Division_Level3,OCHSNER SPORT
FOOTWEAR DIVISION,,1233825.2459820898,Division_Level3,BOYNER
EQUIPMENT DIVISION,,1224466.21779746,Division_Level3,MIG
EQUIPMENT DIVISION,,1200892.028024434,Division_Level3,FOOT ASYLUM
APPAREL DIVISION,,1152875.1266887002,Division_Level3,JD SPORTS CEE
APPAREL DIVISION,,1151580.00848552,Division_Level3,IS GROUP SPORT CHECK
APPAREL DIVISION,,1145971.0074627001,Division_Level3,SPAIN NSP PERCASSI
EQUIPMENT DIVISION,,1144496.5548009956,Division_Level3,BDI
APPAREL DIVISION,,1137007.3484612075,Division_Level3,ST88
APPAREL DIVISION,,1125751.7264702998,Division_Level3,FOOTBALL UK PRO-DIRECT INLINE
APPAREL DIVISION,,1103827.0063561646,Division_Level3,IS GROUP NETHERLANDS
APPAREL DIVISION,,1102426.546569904,Division_Level3,IS GROUP SLOVENIA
EQUIPMENT DIVISION,,1098397.2644878346,Division_Level3,FOOTBALL UNISPORT INLINE
EQUIPMENT DIVISION,,1094658.73431249,Division_Level3,IS GROUP ITALY
FOOTWEAR DIVISION,,1094181.4374526201,Division_Level3,FOOTBALL 11 TEAMSPORT TEAM
FOOTWEAR DIVISION,,1078043.0062895902,Division_Level3,OFFICE
EQUIPMENT DIVISION,,1069648.33738751,Division_Level3,ABOUT YOU
EQUIPMENT DIVISION,,1065059.1149822597,Division_Level3,GB GP
FOOTWEAR DIVISION,,1001395.9870537259,Division_Level3,FOOTBALL TIER 2 INLINE
APPAREL DIVISION,,996464.0060051001,Division_Level3,CE NSP FOX
EQUIPMENT DIVISION,,993706.0079052101,Division_Level3,NE NSP FOX
EQUIPMENT DIVISION,,977473.9053790291,Division_Level3,IS GROUP AUSTRIA
EQUIPMENT DIVISION,,930653.00475717,Division_Level3,ITALY NSP PERCASSI
APPAREL DIVISION,,928343.0069631801,Division_Level3,GREECE NSP PERCASSI
APPAREL DIVISION,,913831.985074255,Division_Level3,DEICHMANN FFTW
EQUIPMENT DIVISION,,911625.134572321,Division_Level3,IS GROUP NETHERLANDS
APPAREL DIVISION,,893024.0064476301,Division_Level3,PL NSP FOX
FOOTWEAR DIVISION,,887859.6468969401,Division_Level3,JD SPORTS CEE
APPAREL DIVISION,,884769.4147100402,Division_Level3,GO SPORT
FOOTWEAR DIVISION,,864551.7436156541,Division_Level3,ISRAEL ROB
APPAREL DIVISION,,863623.7359786362,Division_Level3,SNEAKS UP
EQUIPMENT DIVISION,,862058.3054154201,Division_Level3,AW LAB
EQUIPMENT DIVISION,,858114.3541633806,Division_Level3,FOOTBALL TIER 2 INLINE
EQUIPMENT DIVISION,,846872.9048838518,Division_Level3,FOOTBALL FUTBOL EMOTION TEAM
APPAREL DIVISION,,833674.2044443291,Division_Level3,IS GROUP WEST
FOOTWEAR DIVISION,,814873.9740363942,Division_Level3,IS GROUP POLAND
APPAREL DIVISION,,792642.8032051739,Division_Level3,SA ROB LIFE
EQUIPMENT DIVISION,,785587.87489439,Division_Level3,TOTALSPORTS
EQUIPMENT DIVISION,,779420.6245982902,Division_Level3,FOOTLOCKER ISR
FOOTWEAR DIVISION,,761994.5542078802,Division_Level3,OTTO
EQUIPMENT DIVISION,,730746.253967156,Division_Level3,COSMOS
EQUIPMENT DIVISION,,718396.5146320695,Division_Level3,FOOTBALL C&F
APPAREL DIVISION,,716104.2534099427,Division_Level3,ADRENALINE
FOOTWEAR DIVISION,,701040.2639169828,Division_Level3,IS GROUP NETHERLANDS
APPAREL DIVISION,,692958.48400691,Division_Level3,OTTO
EQUIPMENT DIVISION,,691569.9428481861,Division_Level3,FOOTBALL UNISPORT TEAM
EQUIPMENT DIVISION,,691276.6635592564,Division_Level3,TURKEY ROB
EQUIPMENT DIVISION,,686495.1442162846,Division_Level3,GREECE GP
APPAREL DIVISION,,686465.6142838768,Division_Level3,IS GROUP POLAND
EQUIPMENT DIVISION,,684356.96474068,Division_Level3,SPORTSCENE
NOT_SUPPLD,,681431.3246199999,Division_Level3,SPORTSDIRECT
FOOTWEAR DIVISION,,680972.84451091,Division_Level3,FORUM SPORT
APPAREL DIVISION,,677589.99459536,Division_Level3,FORUM SPORT
APPAREL DIVISION,,671273.823661191,Division_Level3,BOYNER
FOOTWEAR DIVISION,,669190.3233202201,Division_Level3,MGS
EQUIPMENT DIVISION,,664056.0042243201,Division_Level3,BARCIN SPOR
APPAREL DIVISION,,663884.6032788011,Division_Level3,GOLF
FOOTWEAR DIVISION,,663293.1135452602,Division_Level3,RUNNING TIER 2
EQUIPMENT DIVISION,,647694.232314797,Division_Level3,IS GROUP GREECE
APPAREL DIVISION,,635937.0036487201,Division_Level3,NSA NSP
FOOTWEAR DIVISION,,631651.9042239892,Division_Level3,FRANCE GP
APPAREL DIVISION,,631472.1231894208,Division_Level3,FRANCE GP
FOOTWEAR DIVISION,,624547.1237963149,Division_Level3,IS GROUP WEST
EQUIPMENT DIVISION,,622600.1537384411,Division_Level3,SA ROB LIFE
FOOTWEAR DIVISION,,614999.4837021551,Division_Level3,OCHSNER SPORT
APPAREL DIVISION,,607811.9131048393,Division_Level3,SPORTMASTER EU
FOOTWEAR DIVISION,,605693.4033342768,Division_Level3,SPORTIVE
FOOTWEAR DIVISION,,598628.8233417372,Division_Level3,FOOTBALL TEAM
FOOTWEAR DIVISION,,595578.9341517959,Division_Level3,IS GROUP SLOVENIA
APPAREL DIVISION,,595267.00343085,Division_Level3,AGS NSP FOX D
EQUIPMENT DIVISION,,576409.14453059,Division_Level3,ST88
FOOTWEAR DIVISION,,572745.0038630901,Division_Level3,SPAIN NSP PERCASSI
FOOTWEAR DIVISION,,566786.6632285032,Division_Level3,FOOTBALL FUTBOL EMOTION TEAM
FOOTWEAR DIVISION,,565209.00415513,Division_Level3,IS GROUP SPORT CHECK
APPAREL DIVISION,,558819.7225658908,Division_Level3,ISRAEL ROB
EQUIPMENT DIVISION,,557664.0030626501,Division_Level3,CE NSP FOX
EQUIPMENT DIVISION,,551067.0026767601,Division_Level3,IS GROUP SPORT CHECK
FOOTWEAR DIVISION,,548693.1825010116,Division_Level3,IS GROUP AUSTRIA
EQUIPMENT DIVISION,,544194.1538206631,Division_Level3,IS GROUP SLOVENIA
EQUIPMENT DIVISION,,542068.0336143,Division_Level3,SA PERF AUTH
EQUIPMENT DIVISION,,536117.923151199,Division_Level3,IS GROUP IBERIA
APPAREL DIVISION,,535792.3835065311,Division_Level3,IS GROUP IBERIA
EQUIPMENT DIVISION,,535016.0036462401,Division_Level3,PL NSP FOX
APPAREL DIVISION,,533375.00353729,Division_Level3,NORDICS NSP FOX
APPAREL DIVISION,,518012.27269018703,Division_Level3,SPORTIVE
FOOTWEAR DIVISION,,501428.79265117197,Division_Level3,IS GROUP IBERIA
EQUIPMENT DIVISION,,496677.9631643614,Division_Level3,ELIZINN
EQUIPMENT DIVISION,,492791.08361612,Division_Level3,SCHUH
FOOTWEAR DIVISION,,490079.00277975,Division_Level3,SOLEBOX
FOOTWEAR DIVISION,,489030.26274811977,Division_Level3,SA BRAND AUTH
APPAREL DIVISION,,461410.50288209,Division_Level3,IS GROUP DENMARK
APPAREL DIVISION,,455281.33207043505,Division_Level3,RUNNING TIER 2
EQUIPMENT DIVISION,,447884.5229153801,Division_Level3,JD SPORTS CEE
FOOTWEAR DIVISION,,447543.71194572805,Division_Level3,ADRENALINE
FOOTWEAR DIVISION,,439471.00252959,Division_Level3,GREECE NSP PERCASSI
APPAREL DIVISION,,437440.57349136,Division_Level3,TERMINAL X
NOT_SUPPLD,,437029.551683,Division_Level3,SCHUH
FOOTWEAR DIVISION,,432543.182362045,Division_Level3,SA PERF AUTH
FOOTWEAR DIVISION,,432387.00221391005,Division_Level3,NSA NSP
EQUIPMENT DIVISION,,430490.4319846872,Division_Level3,BASKETBALL
APPAREL DIVISION,,413580.5219309149,Division_Level3,IS GROUP FINLAND
NOT_SUPPLD,,412376.35340208,Division_Level3,IS GROUP WEST
APPAREL DIVISION,,411405.00262765004,Division_Level3,SIZE GROUP
FOOTWEAR DIVISION,,407138.0024477801,Division_Level3,CE NSP FOX
FOOTWEAR DIVISION,,400409.892187278,Division_Level3,TENNIS
FOOTWEAR DIVISION,,395755.29249058006,Division_Level3,IS GROUP SWEDEN
NOT_SUPPLD,,394633.31157,Division_Level3,IS GROUP IBERIA
APPAREL DIVISION,,389943.47202029097,Division_Level3,TUTKU
EQUIPMENT DIVISION,,389190.00268519,Division_Level3,SPAIN NSP PERCASSI
APPAREL DIVISION,,388025.381738803,Division_Level3,USL
APPAREL DIVISION,,387279.96230176,Division_Level3,IS GROUP SWEDEN
EQUIPMENT DIVISION,,383167.08196790004,Division_Level3,FOOTBALL UK PRO-DIRECT INLINE
FOOTWEAR DIVISION,,378902.68151900003,Division_Level3,SIDESTEP FTL
EQUIPMENT DIVISION,,376574.931684316,Division_Level3,EMEA_NBHD
FOOTWEAR DIVISION,,376338.36305205995,Division_Level3,TERMINAL X
EQUIPMENT DIVISION,,373180.99241048004,Division_Level3,IS GROUP DENMARK
EQUIPMENT DIVISION,,370880.97237851,Division_Level3,FORUM SPORT
APPAREL DIVISION,,370872.27187526936,Division_Level3,SKATE
APPAREL DIVISION,,368177.461799738,Division_Level3,IS GROUP SWITZERLAND
FOOTWEAR DIVISION,,366322.00242677,Division_Level3,PL NSP FOX
FOOTWEAR DIVISION,,364530.531942136,Division_Level3,IS GROUP TURKEY
EQUIPMENT DIVISION,,359047.89193364,Division_Level3,IS GROUP SWEDEN
FOOTWEAR DIVISION,,332786.00261505006,Division_Level3,NORDICS NSP FOX
EQUIPMENT DIVISION,,330541.49249901006,Division_Level3,IS GROUP POLAND
EQUIPMENT DIVISION,,328627.4318827028,Division_Level3,TENNIS
APPAREL DIVISION,,326694.091622775,Division_Level3,IS GROUP NORWAY
APPAREL DIVISION,,325659.2520992,Division_Level3,JD SPORTS ISRAEL
APPAREL DIVISION,,324847.371798555,Division_Level3,MGS
FOOTWEAR DIVISION,,324793.16195767006,Division_Level3,GO SPORT
EQUIPMENT DIVISION,,324097.0025005599,Division_Level3,GREECE NSP PERCASSI
FOOTWEAR DIVISION,,324074.67203444993,Division_Level3,HOS
EQUIPMENT DIVISION,,322430.67130383,Division_Level3,GO SPORT
EQUIPMENT DIVISION,,320607.881587498,Division_Level3,IS GROUP NORWAY
APPAREL DIVISION,,319802.69153900986,Division_Level3,HOS
EQUIPMENT DIVISION,,319290.38188807806,Division_Level3,IS GROUP FINLAND
APPAREL DIVISION,,309204.15159865667,Division_Level3,ANWR
EQUIPMENT DIVISION,,308373.79181362,Division_Level3,IS GROUP WEST
FOOTWEAR DIVISION,,303622.00205647,Division_Level3,AGS NSP FOX D
EQUIPMENT DIVISION,,303584.00202786,Division_Level3,AGS NSP FOX D
FOOTWEAR DIVISION,,288679.85184439697,Division_Level3,JD SPORTS ISRAEL
APPAREL DIVISION,,287754.25172647263,Division_Level3,IS GROUP UKRAINE
FOOTWEAR DIVISION,,286648.691379231,Division_Level3,TUTKU
APPAREL DIVISION,,281304.19150012406,Division_Level3,IS GROUP TURKEY
EQUIPMENT DIVISION,,279383.56113784347,Division_Level3,ISRAEL ROB
APPAREL DIVISION,,273583.6316264225,Division_Level3,MAINLINE
EQUIPMENT DIVISION,,267749.00213431,Division_Level3,NORDICS NSP FOX
EQUIPMENT DIVISION,,266035.1413266715,Division_Level3,ADRENALINE
FOOTWEAR DIVISION,,262998.86122613895,Division_Level3,CHARBI
EQUIPMENT DIVISION,,262300.4810061548,Division_Level3,SKATE
APPAREL DIVISION,,258049.00156407,Division_Level3,PERMASHOP
APPAREL DIVISION,,257014.00144621005,Division_Level3,PORTUGAL NSP PERCASSI
FOOTWEAR DIVISION,,251510.63166211598,Division_Level3,GOLF
APPAREL DIVISION,,249874.461250793,Division_Level3,IS GROUP BREUNINGER
APPAREL DIVISION,,246382.52125622498,Division_Level3,FLO
APPAREL DIVISION,,246011.5311632898,Division_Level3,ARCO
FOOTWEAR DIVISION,,244016.46157654,Division_Level3,IS GROUP DENMARK
FOOTWEAR DIVISION,,242593.90179909,Division_Level3,RUNNING SPORTSHOES.COM
APPAREL DIVISION,,237447.36130552104,Division_Level3,SA BRAND AUTH
FOOTWEAR DIVISION,,237319.0510677009,Division_Level3,SPORT & MODA NSP
NOT_SUPPLD,,236658.40141000008,Division_Level3,NEXT
NOT_SUPPLD,,235417.72089431007,Division_Level3,JD SPRINTER
FOOTWEAR DIVISION,,233995.61121430103,Division_Level3,USL
FOOTWEAR DIVISION,,228964.11113122996,Division_Level3,IS GROUP FINLAND
NOT_SUPPLD,,223520.00152559995,Division_Level3,ZALANDO
APPAREL DIVISION,,220982.22120431147,Division_Level3,SPORT & MODA NSP
FOOTWEAR DIVISION,,215096.82151260003,Division_Level3,RUNNING I-RUN
FOOTWEAR DIVISION,,209568.10117934487,Division_Level3,IS GROUP UKRAINE
FOOTWEAR DIVISION,,201610.04086731348,Division_Level3,SPORTMASTER EU
NOT_SUPPLD,,199165.71158105004,Division_Level3,ST88
EQUIPMENT DIVISION,,194683.00153692006,Division_Level3,SIZE GROUP
APPAREL DIVISION,,187937.94087356,Division_Level3,SUR
FOOTWEAR DIVISION,,187917.00104249,Division_Level3,PORTUGAL NSP PERCASSI
APPAREL DIVISION,,185420.60095344292,Division_Level3,AGS GP
NOT_SUPPLD,,184477.911073,Division_Level3,FOOTBALL 11 TEAMSPORT TEAM
EQUIPMENT DIVISION,,183931.64062679993,Division_Level3,OTTO
EQUIPMENT DIVISION,,183410.38121657004,Division_Level3,SNEAKS UP
EQUIPMENT DIVISION,,179823.96073096024,Division_Level3,FRANCE GP
APPAREL DIVISION,,179650.67097083796,Division_Level3,BASMAN
EQUIPMENT DIVISION,,172279.21109487003,Division_Level3,JD SPORTS ISRAEL
FOOTWEAR DIVISION,,172095.110932721,Division_Level3,IS GROUP NORWAY
FOOTWEAR DIVISION,,170556.00101324002,Division_Level3,PERMASHOP
NOT_SUPPLD,,169811.63113400005,Division_Level3,TENNIS
FOOTWEAR DIVISION,,163320.0808843902,Division_Level3,BNL GP
APPAREL DIVISION,,160980.93086477998,Division_Level3,FRANCE NSP BELEP
EQUIPMENT DIVISION,,160582.31084779042,Division_Level3,IS GROUP SWITZERLAND
NOT_SUPPLD,,159328.06081535012,Division_Level3,SPORTSCENE
EQUIPMENT DIVISION,,158937.00099814002,Division_Level3,NSA NSP
EQUIPMENT DIVISION,,157456.1907305433,Division_Level3,RUNNING TIER 2
FOOTWEAR DIVISION,,155827.51091743706,Division_Level3,BASMAN
NOT_SUPPLD,,154070.00118800002,Division_Level3,SPORT 2000 FRANCE
FOOTWEAR DIVISION,,153618.6206754047,Division_Level3,ARCO
APPAREL DIVISION,,150722.00084433,Division_Level3,FRANCE NSP TARCA
EQUIPMENT DIVISION,,146475.380734679,Division_Level3,SPORTIVE
EQUIPMENT DIVISION,,146442.050837885,Division_Level3,3PW_Value
APPAREL DIVISION,,143325.50093203096,Division_Level3,RUNNING I-RUN
FOOTWEAR DIVISION,,135419.530805747,Division_Level3,IS GROUP SWITZERLAND
EQUIPMENT DIVISION,,127912.82042711302,Division_Level3,GOLF
NOT_SUPPLD,,127477.770743,Division_Level3,FOOTBALL TIER 2 INLINE
EQUIPMENT DIVISION,,125566.48060545305,Division_Level3,MGS
FOOTWEAR DIVISION,,123282.39063691,Division_Level3,HAMASHBIR
FOOTWEAR DIVISION,,122682.24047968698,Division_Level3,ONYGO
EQUIPMENT DIVISION,,120184.13049257998,Division_Level3,ONYGO
EQUIPMENT DIVISION,,116440.00075366998,Division_Level3,PERMASHOP
EQUIPMENT DIVISION,,115279.26074227999,Division_Level3,TERMINAL X
EQUIPMENT DIVISION,,114410.94056647997,Division_Level3,FLO
EQUIPMENT DIVISION,,111911.36063305347,Division_Level3,SPORTMASTER EU
NOT_SUPPLD,,111306.00085800004,Division_Level3,GB GP
EQUIPMENT DIVISION,,106060.00067001999,Division_Level3,OFFICE
EQUIPMENT DIVISION,,103273.27057292704,Division_Level3,BOYNER
NOT_SUPPLD,,101891.22068480004,Division_Level3,TOTALSPORTS
APPAREL DIVISION,,99583.75053312437,Division_Level3,BNL GP
NOT_SUPPLD,,99480.51059700004,Division_Level3,FOOTBALL UNISPORT INLINE
APPAREL DIVISION,,98182.12060942,Division_Level3,RUNNING SPORTSHOES.COM
EQUIPMENT DIVISION,,98024.00049426,Division_Level3,PORTUGAL NSP PERCASSI
EQUIPMENT DIVISION,,96779.33066659505,Division_Level3,ZALANDO LOUNGE
EQUIPMENT DIVISION,,92532.61076738001,Division_Level3,SUR
FOOTWEAR DIVISION,,90180.170413919,Division_Level3,SUR
EQUIPMENT DIVISION,,89900.03047088701,Division_Level3,USL
EQUIPMENT DIVISION,,88705.14045206,Division_Level3,IS GROUP UKRAINE
NOT_SUPPLD,,83250.97035619999,Division_Level3,ECI
EQUIPMENT DIVISION,,82063.06014651821,Division_Level3,ARCO
EQUIPMENT DIVISION,,78911.53049903602,Division_Level3,SPORT & MODA NSP
APPAREL DIVISION,,75844.380478505,Division_Level3,SA JD
EQUIPMENT DIVISION,,75791.110336985,Division_Level3,IS GROUP TURKEY
EQUIPMENT DIVISION,,74601.82064869601,Division_Level3,IS GROUP BREUNINGER
EQUIPMENT DIVISION,,74241.58042130331,Division_Level3,BNL GP
APPAREL DIVISION,,73205.080416844,Division_Level3,HAMASHBIR
NOT_SUPPLD,,72708.45057588999,Division_Level3,COSMOS
FOOTWEAR DIVISION,,71437.96040696,Division_Level3,IS GROUP BREUNINGER
APPAREL DIVISION,,70879.08034249219,Division_Level3,TRAINING AUTHENTICATORS
EQUIPMENT DIVISION,,70173.98036435903,Division_Level3,BASMAN
EQUIPMENT DIVISION,,69385.28046432088,Division_Level3,SA BRAND AUTH
FOOTWEAR DIVISION,,68447.38040571,Division_Level3,FRANCE NSP BELEP
APPAREL DIVISION,,64939.920318639015,Division_Level3,CHARBI
FOOTWEAR DIVISION,,63486.87033413722,Division_Level3,SPORT YASHIR
EQUIPMENT DIVISION,,63480.46054985402,Division_Level3,AGS GP
EQUIPMENT DIVISION,,61818.86033249999,Division_Level3,TUTKU
FOOTWEAR DIVISION,,60132.020286437,Division_Level3,SA JD
EQUIPMENT DIVISION,,59798.700341118994,Division_Level3,TRAINING AUTHENTICATORS
EQUIPMENT DIVISION,,55910.03037336598,Division_Level3,FRANCE NSP BELEP
NOT_SUPPLD,,52832.40028799999,Division_Level3,STADIUM GROUP
FOOTWEAR DIVISION,,50806.670265595894,Division_Level3,AGS GP
NOT_SUPPLD,,49490.00036113,Division_Level3,COURIR
NOT_SUPPLD,,48812.1003904,Division_Level3,JD SPORTS CEE
EQUIPMENT DIVISION,,47951.00025184,Division_Level3,FRANCE NSP TARCA
NOT_SUPPLD,,43701.68024560003,Division_Level3,FOOTBALL C&F
FOOTWEAR DIVISION,,43022.00021500999,Division_Level3,FRANCE NSP TARCA
APPAREL DIVISION,,42994.94021853,Division_Level3,SPORTAMORE
APPAREL DIVISION,,42879.36006125801,Division_Level3,ONYGO
EQUIPMENT DIVISION,,41587.09021864801,Division_Level3,MAINLINE
FOOTWEAR DIVISION,,40088.66016065799,Division_Level3,FOOTBALL C&F
NOT_SUPPLD,,37877.26042782,Division_Level3,ABOUT YOU
FOOTWEAR DIVISION,,35300.0902093319,Division_Level3,TRAINING AUTHENTICATORS
NOT_SUPPLD,,34222.70020620001,Division_Level3,FOOTBALL UK PRO-DIRECT INLINE
FOOTWEAR DIVISION,,33930.33015504,Division_Level3,SPORTAMORE
FOOTWEAR DIVISION,,33729.58016051891,Division_Level3,MAINLINE
EQUIPMENT DIVISION,,30396.030134436,Division_Level3,HOS
EQUIPMENT DIVISION,,29910.610196553007,Division_Level3,CHARBI
NOT_SUPPLD,,29350.49057187,Division_Level3,FOOT ASYLUM
NOT_SUPPLD,,28678.74023383,Division_Level3,NORDICS GP
APPAREL DIVISION,,27983.820156670005,Division_Level3,YOOX
NOT_SUPPLD,,27947.4201314,Division_Level3,TURKEY ROB
EQUIPMENT DIVISION,,26194.66017715001,Division_Level3,SPORT YASHIR
NOT_SUPPLD,,25742.00014700001,Division_Level3,SIZE GROUP
APPAREL DIVISION,,25232.000155629994,Division_Level3,SOLEBOX
APPAREL DIVISION,,24977.39015662,Division_Level3,SCHUH
NOT_SUPPLD,,24512.240154,Division_Level3,RUNNING I-RUN
NOT_SUPPLD,,24021.810138000008,Division_Level3,IS GROUP SLOVENIA
FOOTWEAR DIVISION,,22884.040144789997,Division_Level3,SPORTMASTER RU
NOT_SUPPLD,,22076.080069550007,Division_Level3,FOOTBALL TIER 2 TEAM
EQUIPMENT DIVISION,,21827.06010998,Division_Level3,HAMASHBIR
NOT_SUPPLD,,21536.540119,Division_Level3,RUNNING SPORTSHOES.COM
NOT_SUPPLD,,20855.000129299995,Division_Level3,AW LAB
EQUIPMENT DIVISION,,19302.090148005995,Division_Level3,RUNNING I-RUN
NOT_SUPPLD,,18246.800087000007,Division_Level3,SNEAKS UP
EQUIPMENT DIVISION,,16811.12014484,Division_Level3,SA JD
NOT_SUPPLD,,15981.6501094,Division_Level3,IS GROUP ITALY
NOT_SUPPLD,,14721.1200746,Division_Level3,RUNNING TIER 2
NOT_SUPPLD,,13972.970048599997,Division_Level3,BASKETBALL
NOT_SUPPLD,,13683.00004639,Division_Level3,ASOS
NOT_SUPPLD,,13265.060049020003,Division_Level3,OCHSNER SPORT
NOT_SUPPLD,,13045.000116510002,Division_Level3,FOOTLOCKER WE
EQUIPMENT DIVISION,,12471.690063539998,Division_Level3,RUNNING SPORTSHOES.COM
NOT_SUPPLD,,12400.200059799998,Division_Level3,MIG
APPAREL DIVISION,,12331.330059039003,Division_Level3,PREMIUM DEPARTMENT STORES
FOOTWEAR DIVISION,,11974.9300872016,Division_Level3,PREMIUM DEPARTMENT STORES
FOOTWEAR DIVISION,,11631.49006884,Division_Level3,YOOX
APPAREL DIVISION,,11181.330059944,Division_Level3,UP & RUN
NOT_SUPPLD,,11053.40003836,Division_Level3,EMEA_NBHD
APPAREL DIVISION,,10777.00006951,Division_Level3,ATC
APPAREL DIVISION,,10408.520023583,Division_Level3,KA LAMODA
EQUIPMENT DIVISION,,9633.030041800002,Division_Level3,SIDESTEP FTL
NOT_SUPPLD,,9452.140032,Division_Level3,JD SPORTS ISRAEL
EQUIPMENT DIVISION,,9146.47012522,Division_Level3,UP & RUN
FOOTWEAR DIVISION,,8387.670036704301,Division_Level3,KA LAMODA
EQUIPMENT DIVISION,,8197.000053129997,Division_Level3,SOLEBOX
FOOTWEAR DIVISION,,7729.280027629999,Division_Level3,UP & RUN
EQUIPMENT DIVISION,,7025.99005379,Division_Level3,SPORTMASTER RU
APPAREL DIVISION,,6875.520049065003,Division_Level3,SPORT YASHIR
APPAREL DIVISION,,6412.21002603,Division_Level3,SIDESTEP FTL
APPAREL DIVISION,,6393.200057647001,Division_Level3,SPORTMASTER RU
EQUIPMENT DIVISION,,5184.670030097999,Division_Level3,SPORTAMORE
APPAREL DIVISION,,5055.390017950001,Division_Level3,QATAR
EQUIPMENT DIVISION,,4823.130027553001,Division_Level3,KA LAMODA
FOOTWEAR DIVISION,,4304.140027866,Division_Level3,ATC
NOT_SUPPLD,,4138.600040080001,Division_Level3,IS GROUP SWEDEN
NOT_SUPPLD,,4006.60001766,Division_Level3,FORUM SPORT
NOT_SUPPLD,,3846.85001669,Division_Level3,TERMINAL X
NOT_SUPPLD,,3806.000007648,Division_Level3,IS GROUP NORWAY
EQUIPMENT DIVISION,,3571.3600188919995,Division_Level3,YOOX
NOT_SUPPLD,,3366.00002907,Division_Level3,IS GROUP SPORT CHECK
NOT_SUPPLD,,3353.000023,Division_Level3,FRANCE NSP BELEP
APPAREL DIVISION,,2115.370007266,Division_Level3,JD OUTWEAR
EQUIPMENT DIVISION,,1980.5200094200002,Division_Level3,PREMIUM DEPARTMENT STORES
FOOTWEAR DIVISION,,1899.3100067,Division_Level3,STREETBEAT (IRG)
APPAREL DIVISION,,1714.0000244300002,Division_Level3,OFFICE
FOOTWEAR DIVISION,,1449.67000603,Division_Level3,JD OUTWEAR
NOT_SUPPLD,,1353.22000255,Division_Level3,FOOTLOCKER ISR
FOOTWEAR DIVISION,,1149.3500069972001,Division_Level3,FOOTBALL UNISPORT TEAM
EQUIPMENT DIVISION,,956.3300028140001,Division_Level3,ATC
EQUIPMENT DIVISION,,891.3500073,Division_Level3,QATAR
NOT_SUPPLD,,727.2000015899999,Division_Level3,FRANCE GP
EQUIPMENT DIVISION,,473.44000007,Division_Level3,STREETBEAT (IRG)
EQUIPMENT DIVISION,,425.60999998,Division_Level3,JD OUTWEAR
NOT_SUPPLD,,338.00000248000003,Division_Level3,DEICHMANN FFTW
NOT_SUPPLD,,322.58000144,Division_Level3,SA PERF AUTH
APPAREL DIVISION,,321.06000126,Division_Level3,STREETBEAT (IRG)
NOT_SUPPLD,,152.79,Division_Level3,IS GROUP BREUNINGER
FOOTWEAR DIVISION,,145.940002,Division_Level3,CHAU
NOT_SUPPLD,,30.000001,Division_Level3,SNIPES
NOT_SUPPLD,,28.240000006,Division_Level3,ITALY GP
FOOTWEAR DIVISION,,25.03,Division_Level3,QATAR
NOT_SUPPLD,,22.20000001,Division_Level3,IS GROUP DENMARK
NOT_SUPPLD,,2.0,Division_Level3,CEE GP
FOOTWEAR DIVISION,,0.3199999999999999,Division_Level3,FOOTBALL 11 TEAMSPORT INLINE
