Item Planning Level,Actuals
Nike_Other_MENS_APPAREL DIVISION_Mens Lifestyle_Nike Sportswear Mens & Womens,35356926.31000189
Nike_Other_MENS_EQUIPMENT DIVISION_Mens Fitness_Training Mens & Womens,13836943.1035
Nike_Other_MENS_FOOTWEAR DIVISION_Mens Lifestyle_Nike Sportswear Mens & Womens,13341606.101999996
Nike_Other_WOMENS_APPAREL DIVISION_Womens Lifestyle_Nike Sportswear Mens & Womens,11378160.074
Nike_Other_KIDS_APPAREL DIVISION_Kids Lifestyle_Nike Sportswear Kids,9855870.071699996
Nike_SKIMS_WOMENS_APPAREL DIVISION_Womens Holistic Fitness_Training Mens & Womens,9545056.060499998
Nike_Other_KIDS_FOOTWEAR DIVISION_Kids Lifestyle_Nike Sportswear Kids,9095742.058999998
Nike_Other_WOMENS_FOOTWEAR DIVISION_Womens Lifestyle_Nike Sportswear Mens & Womens,8611149.058799997
Nike_Other_MENS_APPAREL DIVISION_Mens Running_Running Mens & Womens,7585173.033100259
Nike_Other_MENS_APPAREL DIVISION_Mens Fitness_Training Mens & Womens,6752855.046401
Nike_Other_WOMENS_APPAREL DIVISION_Womens Running_Running Mens & Womens,6557963.037799998
Nike_Other_MENS_FOOTWEAR DIVISION_Mens Running_Running Mens & Womens,6492246.043799997
Nike_Other_WOMENS_FOOTWEAR DIVISION_Womens Running_Running Mens & Womens,4393589.024999999
Nike_Other_KIDS_FOOTWEAR DIVISION_Kids Running and Fitness_Running Kids,3848057.020499999
Nike_Other_MENS_APPAREL DIVISION_Mens Football_Global Football Mens & Womens,3818211.0255500013
Jordan_Other_MENS_APPAREL DIVISION_Jordan Streetwear_Jordan Streetwear,3677855.0182
Nike_Other_MENS_EQUIPMENT DIVISION_Mens Lifestyle_Nike Sportswear Mens & Womens,3544070.0246000206
Nike_Other_KIDS_APPAREL DIVISION_Kids Running and Fitness_Training Kids,2650552.015900001
Nike_Other_MENS_FOOTWEAR DIVISION_Mens Football_Global Football Mens & Womens,2317013.0148
Jordan_Other_MENS_FOOTWEAR DIVISION_Jordan Streetwear_Jordan Streetwear,2074748.0107300004
Nike_Other_MENS_FOOTWEAR DIVISION_Mens Fitness_Training Mens & Womens,2060827.0120000008
Nike_Other_KIDS_APPAREL DIVISION_Kids Football_Global Football Kids,1969336.0087569999
Nike_Other_MENS_EQUIPMENT DIVISION_Mens Football_Global Football Mens & Womens,1937651.009
Nike_Other_KIDS_EQUIPMENT DIVISION_Kids Running and Fitness_Training Kids,1862221.0096000005
Nike_Other_MENS_APPAREL DIVISION_Mens Lifestyle_Nike_Other,1804893.0069
Nike_Other_WOMENS_FOOTWEAR DIVISION_Womens Holistic Fitness_Training Mens & Womens,1764220.0124
NOT_SUPPLD_Other_NOT_SUPPLD_EQUIPMENT DIVISION_NOT_SUPPLD_NoBrand,1357056.01093
Nike_ACG_MENS_FOOTWEAR DIVISION_Mens Lifestyle_Running Mens & Womens,1247896.0088599997
Nike_Other_WOMENS_EQUIPMENT DIVISION_Womens Holistic Fitness_Training Mens & Womens,1240510.0090300003
Jordan_Other_KIDS_FOOTWEAR DIVISION_Jordan Streetwear_Jordan Streetwear,1196044.00653
Nike_Other_KIDS_FOOTWEAR DIVISION_Kids Football_Global Football Kids,1115541.0070000002
Nike_Other_WOMENS_APPAREL DIVISION_Womens Lifestyle_Nike_Other,974369.0058699998
Jordan_Other_WOMENS_FOOTWEAR DIVISION_Jordan Streetwear_Jordan Streetwear,948887.00543
Nike_Other_KIDS_FOOTWEAR DIVISION_Kids Lifestyle_Nike_Other,923339.00416
Nike_Other_MENS_FOOTWEAR DIVISION_Mens Lifestyle_Nike_Other,876660.0049100001
Nike_Other_MENS_FOOTWEAR DIVISION_No Fields of Play_All Other Sports Mens & Womens,824653.0048000002
Nike_Other_MENS_FOOTWEAR DIVISION_Mens Basketball_Basketball Mens & Womens,799404.00513
Nike_Other_MENS_EQUIPMENT DIVISION_Mens Running_Running Mens & Womens,722270.0039420999
Nike_Other_WOMENS_FOOTWEAR DIVISION_Womens Lifestyle_Nike_Other,642524.00485
Nike_ACG_WOMENS_FOOTWEAR DIVISION_Womens Lifestyle_Running Mens & Womens,600947.00308
Nike_Other_KIDS_APPAREL DIVISION_No Fields of Play_Nike_Other,539553.0039899999
Nike_Other_MENS_APPAREL DIVISION_Mens Basketball_Basketball Mens & Womens,516930.003089
Nike_Other_MENS_FOOTWEAR DIVISION_Mens Lifestyle_Nike SB Mens & Womens,466994.00344000006
Nike_Other_WOMENS_FOOTWEAR DIVISION_No Fields of Play_All Other Sports Mens & Womens,460074.00271
Nike_Other_WOMENS_APPAREL DIVISION_No Fields of Play_Nike_Other,415520.0030900001
Nike_ACG_MENS_APPAREL DIVISION_Mens Lifestyle_Running Mens & Womens,413864.00212
Nike_Other_MENS_APPAREL DIVISION_Mens Lifestyle_Basketball Mens & Womens,412422.00261400006
Nike_Other_MENS_APPAREL DIVISION_No Fields of Play_Nike_Other,309710.0020040001
Jordan_Other_MENS_APPAREL DIVISION_Jordan Sport_Jordan Basketball,257055.0011470001
Nike_Other_KIDS_FOOTWEAR DIVISION_No Fields of Play_All Other Sports Kids,243430.001884
Nike_Other_KIDS_EQUIPMENT DIVISION_Kids Lifestyle_Nike Sportswear Kids,230512.001192
Nike_Other_MENS_APPAREL DIVISION_Mens Lifestyle_Global Football Mens & Womens,215373.00121400002
Nike_Other_MENS_APPAREL DIVISION_No Fields of Play_Running Mens & Womens,208486.00195
Jordan_Other_WOMENS_APPAREL DIVISION_Jordan Streetwear_Jordan Streetwear,208472.00178402
Nike_Other_WOMENS_EQUIPMENT DIVISION_Womens Lifestyle_Nike Sportswear Mens & Womens,198052.00127
Nike_Other_MENS_APPAREL DIVISION_Mens Lifestyle_Nike SB Mens & Womens,164209.0006351001
Jordan_Other_KIDS_APPAREL DIVISION_Jordan Streetwear_Jordan Streetwear,163932.00086899998
Nike_Other_MENS_APPAREL DIVISION_Mens Lifestyle_Running Mens & Womens,144175.00067600005
Nike_Other_MENS_APPAREL DIVISION_Mens Sport_Golf Mens & Womens,142295.00097999998
Nike_Other_MENS_EQUIPMENT DIVISION_Mens Basketball_Basketball Mens & Womens,135514.00099451002
Nike_Other_KIDS_FOOTWEAR DIVISION_Kids Basketball_Basketball Kids,132598.00134200003
Nike_Other_MENS_APPAREL DIVISION_Mens Sport_Tennis,120697.00099500004
Nike_Other_KIDS_FOOTWEAR DIVISION_Kids Lifestyle_Nike SB Kids,116126.00102165002
Jordan_Other_MENS_FOOTWEAR DIVISION_Jordan Sport_Jordan Basketball,115051.00068300003
Jordan_Other_MENS_EQUIPMENT DIVISION_Jordan Streetwear_Jordan Streetwear,113209.00076800004
Nike_Other_WOMENS_APPAREL DIVISION_Womens Sport_Global Football Mens & Womens,104565.00080219004
Nike_Other_WOMENS_APPAREL DIVISION_No Fields of Play_Running Mens & Womens,100404.000464
Nike_Other_WOMENS_FOOTWEAR DIVISION_Womens Lifestyle_Nike SB Mens & Womens,86882.00090199999
Nike_Other_WOMENS_APPAREL DIVISION_Womens Lifestyle_Running Mens & Womens,83001.00057900006
Nike_Other_MENS_FOOTWEAR DIVISION_Mens Sport_Tennis,80259.00061700003
Jordan_Other_MENS_APPAREL DIVISION_Jordan Streetwear_Jordan_Other,72586.0004537
Jordan_Other_MENS_APPAREL DIVISION_Jordan Streetwear_Jordan Global Football,71126.00033400001
Nike_ACG_WOMENS_APPAREL DIVISION_Womens Lifestyle_Running Mens & Womens,70420.00046100002
Nike_ACG_MENS_FOOTWEAR DIVISION_Mens Lifestyle_ACG Mens & Womens,59734.00045200002
Nike_Other_WOMENS_FOOTWEAR DIVISION_Womens Sport_Tennis,57101.000395
Nike_ACG_MENS_APPAREL DIVISION_Mens Lifestyle_ACG Mens & Womens,55875.00033819999
Jordan_Other_KIDS_EQUIPMENT DIVISION_Jordan Sport_Jordan_Other,52518.00031169999
Nike_Other_KIDS_EQUIPMENT DIVISION_Kids Football_Global Football Kids,47316.00021399999
Jordan_Other_MENS_EQUIPMENT DIVISION_Jordan Sport_Jordan Basketball,46819.0003741
Jordan_Other_KIDS_FOOTWEAR DIVISION_Jordan Sport_Jordan Basketball,45975.000286
Nike_Other_WOMENS_APPAREL DIVISION_Womens Sport_Tennis,44291.00030000001
Nike_Other_KIDS_APPAREL DIVISION_Kids Running and Fitness_Running Kids,42546.00027220001
Nike_Other_WOMENS_EQUIPMENT DIVISION_Womens Running_Running Mens & Womens,38774.00026266
Nike_Other_KIDS_APPAREL DIVISION_Kids Lifestyle_Nike_Other,31468.000139100004
Jordan_Other_MENS_APPAREL DIVISION_Jordan Sport_Jordan Training,30570.000162519995
Jordan_Other_WOMENS_APPAREL DIVISION_Jordan Sport_Jordan Basketball,29382.00019736
Nike_Other_MENS_APPAREL DIVISION_No Fields of Play_All Other Sports Mens & Womens,27618.00016740001
Nike_Other_KIDS_APPAREL DIVISION_Kids Basketball_Basketball Kids,26549.00021202
Nike_Other_WOMENS_APPAREL DIVISION_Womens Sport_Golf Mens & Womens,24393.000195999997
Nike_Other_MENS_EQUIPMENT DIVISION_No Fields of Play_American Football Mens & Womens,23917.000093399995
Nike_Other_MENS_EQUIPMENT DIVISION_Mens Lifestyle_Nike_Other,21657.0002091
Nike_Other_WOMENS_APPAREL DIVISION_Womens Sport_Basketball Mens & Womens,20300.000088950008
Nike_Other_WOMENS_APPAREL DIVISION_Womens Lifestyle_Tennis,18621.0000865
Jordan_Other_MENS_FOOTWEAR DIVISION_Jordan Sport_Jordan Golf,18042.0000973
Jordan_Other_MENS_APPAREL DIVISION_Jordan Sport_Jordan Golf,17875.00011863
Nike_ACG_KIDS_APPAREL DIVISION_Kids Lifestyle_ACG Kids,17344.000072160004
Nike_Other_KIDS_EQUIPMENT DIVISION_No Fields of Play_All Other Sports Kids,15156.000032980004
Nike_Other_MENS_EQUIPMENT DIVISION_Mens Running_Nike_Other,14263.00016733
Nike_ACG_WOMENS_APPAREL DIVISION_Womens Lifestyle_ACG Mens & Womens,13559.000109699997
Jordan_Other_MENS_EQUIPMENT DIVISION_Jordan Sport_Jordan Training,13285.00009603
Nike_Other_MENS_FOOTWEAR DIVISION_Mens Sport_Golf Mens & Womens,13087.000087799996
Nike_Other_MENS_EQUIPMENT DIVISION_Mens Lifestyle_Nike SB Mens & Womens,12489.000120070004
Nike_ACG_MENS_EQUIPMENT DIVISION_Mens Lifestyle_ACG Mens & Womens,11304.00008812
Nike_Other_MENS_EQUIPMENT DIVISION_No Fields of Play_Nike Sportswear Mens & Womens,10774.00008543
Jordan_Other_WOMENS_APPAREL DIVISION_Jordan Sport_Jordan_Other,9452.00002504
Nike_Other_MENS_FOOTWEAR DIVISION_Mens Basketball_Nike Sportswear Mens & Womens,9041.00001258
Jordan_Other_WOMENS_APPAREL DIVISION_Jordan Streetwear_Jordan Global Football,8546.00004804
Nike_Other_KIDS_APPAREL DIVISION_Kids Lifestyle_Nike SB Kids,8263.00006188
Nike_Other_WOMENS_FOOTWEAR DIVISION_Womens Sport_Basketball Mens & Womens,8009.00003447
Nike_Other_WOMENS_FOOTWEAR DIVISION_Womens Sport_Global Football Mens & Womens,7913.000045960001
Jordan_Other_WOMENS_FOOTWEAR DIVISION_Jordan Sport_Jordan Basketball,7465.000035569999
Nike_ACG_KIDS_FOOTWEAR DIVISION_Kids Lifestyle_Running Kids,6391.000050229999
Jordan_Other_MENS_APPAREL DIVISION_Jordan Sport_Jordan_Other,5312.000022109999
Nike_Other_KIDS_APPAREL DIVISION_No Fields of Play_Tennis Kids,3966.0000142700014
Nike_Other_KIDS_APPAREL DIVISION_No Fields of Play_Golf Kids,3734.00001389
Nike_Other_MENS_FOOTWEAR DIVISION_Mens Football_Nike Sportswear Mens & Womens,3037.00001921
Nike_Other_WOMENS_APPAREL DIVISION_No Fields of Play_All Other Sports Mens & Womens,2195.0000090300005
Jordan_Other_MENS_FOOTWEAR DIVISION_Jordan Streetwear_Jordan Global Football,2193.0000119500005
Nike_Other_MENS_FOOTWEAR DIVISION_Mens Football_Nike_Other,2100.00001389
Nike_Other_MENS_EQUIPMENT DIVISION_Mens Sport_Golf Mens & Womens,1853.00000739
Nike_Other_MENS_EQUIPMENT DIVISION_Mens Sport_Tennis,1535.00001413
Jordan_Other_WOMENS_FOOTWEAR DIVISION_Jordan Sport_Jordan_Other,1456.0000054800005
Nike_Other_WOMENS_APPAREL DIVISION_Womens Lifestyle_Basketball Mens & Womens,1418.00000048
Jordan_Other_WOMENS_APPAREL DIVISION_Jordan Streetwear_Jordan_Other,1358.0000081300002
Nike_Other_MENS_EQUIPMENT DIVISION_Mens Lifestyle_Training Mens & Womens,1225.00000794
Nike_Other_MENS_APPAREL DIVISION_Mens Sport_American Football Mens & Womens,1212.0000089899997
Nike_KOBE_MENS_FOOTWEAR DIVISION_Mens Basketball_Basketball Mens & Womens,1133.00000776
Jordan_Other_MENS_EQUIPMENT DIVISION_Jordan Sport_Jordan_Other,907.0000040599996
Jordan_Other_MENS_EQUIPMENT DIVISION_Jordan Sport_Jordan Global Football,891.00000651
Nike_Other_MENS_EQUIPMENT DIVISION_No Fields of Play_Basketball Kids,883.00000863
Nike_Other_KIDS_APPAREL DIVISION_Kids Basketball_Nike_Other,881.0000045899999
Nike_Other_KIDS_APPAREL DIVISION_No Fields of Play_American Football Kids,645.00000301
Nike_Other_WOMENS_FOOTWEAR DIVISION_Womens Sport_Golf Mens & Womens,634.0000041499999
Nike_Other_MENS_EQUIPMENT DIVISION_No Fields of Play_Nike_Other,589.0000043000001
Nike_Other_KIDS_APPAREL DIVISION_No Fields of Play_All Other Sports Kids,550.00000125
Nike_Other_MENS_EQUIPMENT DIVISION_Mens Basketball_Nike_Other,524.00002
NOT_SUPPLD_Other_NOT_SUPPLD_FOOTWEAR DIVISION_NOT_SUPPLD_NoBrand,489.0000040299998
Jordan_Other_WOMENS_FOOTWEAR DIVISION_Jordan Streetwear_Jordan_Other,448.00000248999993
Nike_Other_KIDS_FOOTWEAR DIVISION_No Fields of Play_Nike_Other,409.00000101000006
Jordan_Other_MENS_APPAREL DIVISION_Jordan Sport_Jordan Global Football,393.00000243
Nike_Other_MENS_FOOTWEAR DIVISION_Mens Sport_American Football Mens & Womens,343.0000000300001
Nike_Other_KIDS_FOOTWEAR DIVISION_No Fields of Play_Tennis Kids,338.00000192999994
Jordan_Other_WOMENS_EQUIPMENT DIVISION_Jordan Sport_Jordan Training,324.00000096
Nike_Other_MENS_EQUIPMENT DIVISION_No Fields of Play_Tennis,320.00000177
Nike_Other_WOMENS_APPAREL DIVISION_Womens Holistic Fitness_Nike_Other,305.00000203
Nike_Other_WOMENS_EQUIPMENT DIVISION_Womens Sport_Golf Mens & Womens,262.0000009499999
Jordan_Other_KIDS_APPAREL DIVISION_Jordan Streetwear_Jordan Global Football,259.00000124
Nike_KOBE_KIDS_FOOTWEAR DIVISION_Kids Basketball_Basketball Kids,206.00000049
Jordan_SKIMS_WOMENS_APPAREL DIVISION_Jordan Sport_Jordan Training,166.00000144999998
Nike_Other_WOMENS_EQUIPMENT DIVISION_Womens Sport_Global Football Mens & Womens,161.00000045
Nike_Other_MENS_APPAREL DIVISION_Mens Running_Nike_Other,160.00000085
Nike_Other_KIDS_APPAREL DIVISION_Kids Basketball_Basketball Mens & Womens,149.00000039999998
Jordan_Other_KIDS_APPAREL DIVISION_Jordan Sport_Jordan Basketball,148.00000048000004
Nike_Other_KIDS_EQUIPMENT DIVISION_Kids Running and Fitness_All Other Sports Kids,141.00000122
Nike_Other_WOMENS_EQUIPMENT DIVISION_No Fields of Play_Nike_Other,136.0000015
Nike_Other_KIDS_EQUIPMENT DIVISION_Kids Lifestyle_Training Kids,127.00000079000004
NOT_SUPPLD_Other_NOT_SUPPLD_APPAREL DIVISION_NOT_SUPPLD_NoBrand,120.99999995
Nike_Other_MENS_FOOTWEAR DIVISION_Mens Basketball_Nike_Other,120.00000068
Nike_ACG_MENS_EQUIPMENT DIVISION_No Fields of Play_Running Mens & Womens,101.0
Nike_Other_WOMENS_FOOTWEAR DIVISION_Womens Sport_All Other Sports Mens & Womens,86.00000035
Jordan_Other_WOMENS_FOOTWEAR DIVISION_Jordan Streetwear_Jordan Global Football,77.00000046000001
Nike_Other_MENS_EQUIPMENT DIVISION_Mens Sport_American Football Mens & Womens,60.99999987
Nike_Other_KIDS_FOOTWEAR DIVISION_No Fields of Play_American Football Kids,53.0
Nike_Other_KIDS_FOOTWEAR DIVISION_No Fields of Play_Golf Kids,45.00000038
Nike_Other_KIDS_APPAREL DIVISION_Womens Sport_Basketball Kids,36.000000160000006
Nike_Other_MENS_EQUIPMENT DIVISION_Mens Lifestyle_Global Football Mens & Womens,30.00000006
Jordan_Other_MENS_EQUIPMENT DIVISION_Jordan Sport_Jordan Golf,28.00000022
Nike_Other_MENS_FOOTWEAR DIVISION_Mens Sport_Baseball/Softball Mens & Womens,25.000000350000004
Nike_Other_MENS_EQUIPMENT DIVISION_No Fields of Play_All Other Sports Mens & Womens,23.00000009
NOT_SUPPLD_Other_MENS_FOOTWEAR DIVISION_NOT_SUPPLD_NoBrand,20.000000140000004
Nike_Other_KIDS_EQUIPMENT DIVISION_No Fields of Play_Golf Kids,20.00000013
Nike_Other_MENS_EQUIPMENT DIVISION_Mens Sport_Nike_Other,19.00000026
Nike_Other_MENS_EQUIPMENT DIVISION_No Fields of Play_Golf Mens & Womens,19.00000009
NOT_SUPPLD_Other_WOMENS_APPAREL DIVISION_NOT_SUPPLD_NoBrand,19.00000007
Jordan_Other_WOMENS_EQUIPMENT DIVISION_Jordan Sport_Jordan_Other,16.000000030000002
NOT_SUPPLD_Other_WOMENS_FOOTWEAR DIVISION_NOT_SUPPLD_NoBrand,15.00000015
Nike_Other_MENS_FOOTWEAR DIVISION_Mens Running_Nike_Other,15.00000009
Nike_Other_WOMENS_EQUIPMENT DIVISION_Womens Holistic Fitness_Running Mens & Womens,15.00000005
Nike_Other_KIDS_APPAREL DIVISION_Kids Lifestyle_Nike Sportswear Mens & Womens,14.0
Nike_Other_MENS_EQUIPMENT DIVISION_Mens Running_All Other Sports Mens & Womens,13.00000005
NOT_SUPPLD_Other_KIDS_APPAREL DIVISION_NOT_SUPPLD_NoBrand,13.00000003
Nike_ACG_WOMENS_EQUIPMENT DIVISION_No Fields of Play_ACG Mens & Womens,12.9999999
NOT_SUPPLD_Other_MENS_APPAREL DIVISION_NOT_SUPPLD_NoBrand,11.00000003
Nike_Other_WOMENS_EQUIPMENT DIVISION_Womens Lifestyle_All Other Sports Mens & Womens,11.0
Nike_Other_WOMENS_EQUIPMENT DIVISION_Womens Running_All Other Sports Mens & Womens,10.0000001
Nike_Other_MENS_APPAREL DIVISION_Mens Sport_Nike Sportswear Mens & Womens,10.00000006
Jordan_Other_MENS_FOOTWEAR DIVISION_Jordan Sport_Jordan Running,10.00000003
Nike_Other_WOMENS_APPAREL DIVISION_Womens Sport_Nike_Other,9.0
Nike_Other_KIDS_APPAREL DIVISION_Kids Running and Fitness_Nike_Other,8.000000029999999
Nike_Other_KIDS_APPAREL DIVISION_Kids Football_Nike_Other,7.000000050000001
Nike_Other_MENS_FOOTWEAR DIVISION_Mens Fitness_Running Mens & Womens,7.00000003
Nike_Other_MENS_APPAREL DIVISION_Mens Sport_Baseball/Softball Mens & Womens,6.0
Nike_Other_MENS_APPAREL DIVISION_Mens Football_Nike_Other,4.000000099999999
Nike_Other_MENS_EQUIPMENT DIVISION_Mens Sport_Baseball/Softball Mens & Womens,4.00000009
Nike_Other_WOMENS_EQUIPMENT DIVISION_Womens Lifestyle_Nike_Other,4.00000003
NOT_SUPPLD_Other_KIDS_FOOTWEAR DIVISION_NOT_SUPPLD_NoBrand,2.00000006
Jordan_Other_KIDS_EQUIPMENT DIVISION_Jordan Streetwear_Jordan Streetwear,2.00000003
Nike_SKIMS_WOMENS_APPAREL DIVISION_Womens Holistic Fitness_Running Mens & Womens,2.00000003
Jordan_Other_KIDS_APPAREL DIVISION_Jordan Sport_Jordan_Other,2.00000003
Nike_Other_MENS_EQUIPMENT DIVISION_Mens Football_Nike_Other,2.0
Nike_SKIMS_WOMENS_APPAREL DIVISION_Womens Holistic Fitness_Basketball Mens & Womens,2.0
Nike_Other_MENS_APPAREL DIVISION_Mens Lifestyle_American Football Mens & Womens,2.0
Nike_Other_KIDS_APPAREL DIVISION_Kids Lifestyle_Training Kids,2.0
Nike_Other_MENS_FOOTWEAR DIVISION_Mens Running_All Other Sports Mens & Womens,2.0
Jordan_Other_MENS_EQUIPMENT DIVISION_Jordan Sport_Jordan Running,1.0000000299999998
Nike_Other_KIDS_APPAREL DIVISION_Kids Basketball_Training Kids,1.0000000299999998
NOT_SUPPLD_Other_MENS_EQUIPMENT DIVISION_NOT_SUPPLD_NoBrand,1.0000000299999998
Nike_Other_WOMENS_EQUIPMENT DIVISION_No Fields of Play_Global Football Mens & Womens,1.0000000299999998
Nike_ACG_MENS_EQUIPMENT DIVISION_No Fields of Play_ACG Mens & Womens,1.0000000299999998
Nike_Other_KIDS_APPAREL DIVISION_No Fields of Play_Baseball/Softball Kids,1.0000000299999998
Nike_Other_MENS_APPAREL DIVISION_No Fields of Play_Training Mens & Womens,1.0000000299999998
Nike_Other_WOMENS_APPAREL DIVISION_Womens Sport_American Football Mens & Womens,1.00000002
Nike_Other_WOMENS_APPAREL DIVISION_Womens Lifestyle_Global Football Mens & Womens,1.00000002
Jordan_Other_MENS_FOOTWEAR DIVISION_Jordan Sport_Jordan_Other,1.0
Jordan_Other_MENS_FOOTWEAR DIVISION_Jordan Sport_Jordan Training,1.0
Nike_ACG_WOMENS_FOOTWEAR DIVISION_Womens Lifestyle_ACG Mens & Womens,1.0
Nike_Other_MENS_APPAREL DIVISION_Mens Sport_Nike_Other,1.0
Nike_Other_MENS_EQUIPMENT DIVISION_Mens Fitness_Nike_Other,1.0
Nike_Other_MENS_APPAREL DIVISION_Mens Basketball_Nike_Other,1.0
